ProductID,SOrderID,Product_price,Product_quantity,Special_instr
2,1,2.5,1,""
4,2,2,2,No Dairy
13,3,1.5,1,""
20,4,3,1,""
20,5,3,3,""
27,6,3.25,1,""
18,7,3.75,5,""
22,8,2.5,3,""
6,9,3,1,""
3,10,3,1,""
18,11,3.75,2,""
21,12,3.75,5,""
5,13,2.5,2,""
6,14,3,1,""
5,15,2.5,3,""
20,16,3,5,""
30,17,4,1,""
17,18,3,5,""
14,19,2,1,""
18,20,3.75,1,""
21,21,3.75,3,""
17,22,3,1,""
23,23,3.75,3,""
15,24,2.5,4,""
25,25,2.25,3,""
21,26,3.75,4,""
6,27,3,2,""
18,28,3.75,3,""
21,29,3.75,2,""
10,30,3,1,No Dairy
5,31,2.5,3,""
26,32,2.75,1,""
30,33,4,5,""
15,34,2.5,4,No Dairy
21,35,3.75,1,""
11,36,3.75,2,""
19,37,2.25,1,""
10,38,3,2,""
24,39,5,2,""
16,40,2.25,4,No Dairy
12,41,4.5,1,""
24,42,5,1,""
21,43,3.75,2,No Dairy
23,44,3.75,1,""
4,45,2,3,No Dairy
2,46,2.5,2,No Dairy
10,47,3,1,""
6,48,3,5,""
14,49,2,2,No Dairy
20,50,3,1,""
25,51,2.25,1,""
2,52,2.5,2,No Dairy
17,53,3,2,""
3,54,3,3,No Dairy
24,55,5,4,""
24,56,5,1,""
11,57,3.75,1,""
17,58,3,1,No Dairy
8,59,3,2,No Dairy
24,60,5,3,""
